<?xml version="1.0" encoding="UTF-8"?>
<dataset>
  <record>
    <ved>68802a96-845b-11ea-b3b0-204747c5a17a</ved>
  </record>
  <record>
    <ved>68802a97-845b-11ea-8899-204747c5a17a</ved>
  </record>
  <record>
    <ved>68802a98-845b-11ea-a01c-204747c5a17a</ved>
  </record>
  <record>
    <ved>68802a99-845b-11ea-844a-204747c5a17a</ved>
  </record>
  <record>
    <ved>68802a9a-845b-11ea-92e2-204747c5a17a</ved>
  </record>
  <record>
    <ved>68802a9b-845b-11ea-9319-204747c5a17a</ved>
  </record>
  <record>
    <ved>68802a9c-845b-11ea-ba42-204747c5a17a</ved>
  </record>
  <record>
    <ved>68802a9d-845b-11ea-9f8a-204747c5a17a</ved>
  </record>
  <record>
    <ved>68802a9e-845b-11ea-b28e-204747c5a17a</ved>
  </record>
  <record>
    <ved>68802a9f-845b-11ea-a83d-204747c5a17a</ved>
  </record>
</dataset>